{
    "Humans": {
        "MSS 1": {
            "AUCperf": 0.424,
            "AvgMM": 0.851,
            "MMvec": [
                0.924,
                0.014
            ],
            "MMdir": [
                0.728,
                0.051
            ],
            "MMlen": [
                0.916,
                0.018
            ],
            "MMpos": [
                0.839,
                0.033
            ]
        }
    },
    "IVSN": {
        "MSS 1": {
            "AUCperf": 0.647,
            "Corr": 0.2297808946900652,
            "AvgMM": 0.792,
            "MMvec": [
                0.869,
                0.052
            ],
            "MMdir": [
                0.688,
                0.078
            ],
            "MMlen": [
                0.827,
                0.097
            ],
            "MMpos": [
                0.785,
                0.065
            ],
            "AUChsp": 0.594,
            "NSShsp": 0.765,
            "IGhsp": -2.188,
            "LLhsp": -2.577
        }
    },
    "nnIBS": {
        "MSS 1": {
            "AUCperf": 0.451,
            "Corr": 0.395,
            "AvgMM": 0.842,
            "MMvec": [
                0.912,
                0.021
            ],
            "MMdir": [
                0.712,
                0.06
            ],
            "MMlen": [
                0.903,
                0.032
            ],
            "MMpos": [
                0.84,
                0.036
            ],
            "AUChsp": 0.726,
            "NSShsp": 0.981,
            "IGhsp": 0.956,
            "LLhsp": 0.266
        }
    },
    "IRL": {
        "MSS 1": {
            "AUCperf": 0.236,
            "Corr": -0.09791827093778939,
            "AvgMM": 0.795,
            "MMvec": [
                0.885,
                0.035
            ],
            "MMdir": [
                0.651,
                0.062
            ],
            "MMlen": [
                0.853,
                0.055
            ],
            "MMpos": [
                0.791,
                0.052
            ],
            "AUChsp": 0.583,
            "NSShsp": 0.523,
            "IGhsp": -4.898,
            "LLhsp": -5.558
        }
    },
    "center_bias": {
        "MSS 1": {
            "AUChsp": 0.665,
            "NSShsp": 0.714,
            "IGhsp": 0.0,
            "LLhsp": -0.407
        }
    },
    "uniform": {
        "MSS 1": {
            "AUChsp": 0.5,
            "NSShsp": 0.0,
            "IGhsp": 0.407,
            "LLhsp": 0.0
        }
    },
    "gold_standard": {
        "MSS 1": {
            "AUChsp": 0.86,
            "NSShsp": 1.863,
            "IGhsp": 1.834,
            "LLhsp": 1.427
        }
    },
    "eccNET": {
        "MSS 1": {
            "AUCperf": 0.607,
            "Corr": 0.18574891004090371,
            "AvgMM": 0.829,
            "MMvec": [
                0.922,
                0.016
            ],
            "MMdir": [
                0.668,
                0.07
            ],
            "MMlen": [
                0.925,
                0.019
            ],
            "MMpos": [
                0.8,
                0.056
            ],
            "AUChsp": 0.618,
            "NSShsp": 0.832,
            "IGhsp": -2.221,
            "LLhsp": -2.568
        }
    },
    "elm_base": {
        "MSS 1": {
            "AUCperf": 0.479,
            "MMvec": [
                0.911,
                0.021
            ],
            "MMdir": [
                0.711,
                0.061
            ],
            "MMlen": [
                0.901,
                0.031
            ],
            "MMpos": [
                0.839,
                0.037
            ],
            "AvgMM": 0.841,
            "Corr": 0.426,
            "AUChsp": 0.727,
            "NSShsp": 1.046,
            "IGhsp": 1.024,
            "LLhsp": 0.334
        }
    },
    "elm_final": {
        "MSS 1": {
            "AUCperf": 0.679,
            "MMvec": [
                0.919,
                0.018
            ],
            "MMdir": [
                0.736,
                0.065
            ],
            "MMlen": [
                0.913,
                0.026
            ],
            "MMpos": [
                0.842,
                0.039
            ],
            "AvgMM": 0.853,
            "Corr": 0.451,
            "AUChsp": 0.741,
            "NSShsp": 1.416,
            "IGhsp": 1.36,
            "LLhsp": 0.67
        }
    }
}