{
    "Humans": {
        "MSS 1": {
            "AUCperf": 0.715,
            "AvgMM": 0.892,
            "MMvec": [
                0.926,
                0.032
            ],
            "MMdir": [
                0.828,
                0.098
            ],
            "MMlen": [
                0.905,
                0.045
            ],
            "MMpos": [
                0.907,
                0.035
            ]
        }
    },
    "nnIBS": {
        "MSS 1": {
            "AUChsp": 0.887,
            "NSShsp": 2.128,
            "IGhsp": 2.438,
            "LLhsp": 0.822,
            "AUCperf": 0.593,
            "MMvec": [
                0.905,
                0.032
            ],
            "MMdir": [
                0.726,
                0.13
            ],
            "MMlen": [
                0.894,
                0.044
            ],
            "MMpos": [
                0.86,
                0.054
            ],
            "AvgMM": 0.846,
            "Corr": 0.141
        }
    },
    "eccNET": {
        "MSS 1": {
            "AUCperf": 0.335,
            "Corr": 0.052735942718651424,
            "AvgMM": 0.811,
            "MMvec": [
                0.915,
                0.026
            ],
            "MMdir": [
                0.642,
                0.138
            ],
            "MMlen": [
                0.918,
                0.032
            ],
            "MMpos": [
                0.768,
                0.101
            ],
            "AUChsp": 0.745,
            "NSShsp": 1.167,
            "IGhsp": 1.471,
            "LLhsp": 0.166
        }
    },
    "IVSN": {
        "MSS 1": {
            "AUCperf": 0.338,
            "Corr": 0.10184350102022037,
            "AvgMM": 0.773,
            "MMvec": [
                0.859,
                0.046
            ],
            "MMdir": [
                0.627,
                0.125
            ],
            "MMlen": [
                0.841,
                0.074
            ],
            "MMpos": [
                0.765,
                0.079
            ],
            "AUChsp": 0.657,
            "NSShsp": 0.8,
            "IGhsp": 0.963,
            "LLhsp": -0.366
        }
    },
    "center_bias": {
        "MSS 1": {
            "AUChsp": 0.562,
            "NSShsp": 0.238,
            "IGhsp": 0.0,
            "LLhsp": -1.33
        }
    },
    "uniform": {
        "MSS 1": {
            "AUChsp": 0.5,
            "NSShsp": 0.0,
            "IGhsp": 1.33,
            "LLhsp": 0.0
        }
    },
    "gold_standard": {
        "MSS 1": {
            "AUChsp": 0.953,
            "NSShsp": 3.599,
            "IGhsp": 4.277,
            "LLhsp": 2.947
        }
    },
    "elm_base": {
        "MSS 1": {
            "AUCperf": 0.586,
            "MMvec": [
                0.905,
                0.029
            ],
            "MMdir": [
                0.726,
                0.129
            ],
            "MMlen": [
                0.899,
                0.037
            ],
            "MMpos": [
                0.863,
                0.051
            ],
            "AvgMM": 0.848,
            "Corr": 0.072,
            "AUChsp": 0.87,
            "NSShsp": 1.889,
            "IGhsp": 3.087,
            "LLhsp": 1.472
        }
    },
    "elm_final": {
        "MSS 1": {
            "AUCperf": 0.677,
            "MMvec": [
                0.91,
                0.029
            ],
            "MMdir": [
                0.74,
                0.121
            ],
            "MMlen": [
                0.903,
                0.037
            ],
            "MMpos": [
                0.865,
                0.055
            ],
            "AvgMM": 0.854,
            "Corr": 0.161,
            "AUChsp": 0.882,
            "NSShsp": 2.215,
            "IGhsp": 3.233,
            "LLhsp": 1.617
        }
    }
}