{
    "Humans": {
        "MSS 1": {
            "AUCperf": 0.802,
            "MMvec": [
                0.937,
                0.027
            ],
            "MMdir": [
                0.76,
                0.114
            ],
            "MMlen": [
                0.926,
                0.034
            ],
            "MMpos": [
                0.906,
                0.039
            ],
            "AvgMM": 0.882
        }
    },
    "IVSN": {
        "MSS 1": {
            "AUCperf": 0.734,
            "Corr": 0.10916440891862453,
            "AvgMM": 0.807,
            "MMvec": [
                0.877,
                0.04
            ],
            "MMdir": [
                0.676,
                0.124
            ],
            "MMlen": [
                0.853,
                0.065
            ],
            "MMpos": [
                0.822,
                0.072
            ],
            "AUChsp": 0.636,
            "NSShsp": 1.129,
            "IGhsp": -3.682,
            "LLhsp": -3.729
        }
    },
    "nnIBS": {
        "MSS 1": {
            "AUCperf": 0.46,
            "Corr": 0.236,
            "AvgMM": 0.853,
            "MMvec": [
                0.918,
                0.028
            ],
            "MMdir": [
                0.696,
                0.117
            ],
            "MMlen": [
                0.914,
                0.038
            ],
            "MMpos": [
                0.884,
                0.042
            ],
            "AUChsp": 0.834,
            "NSShsp": 1.509,
            "IGhsp": 0.681,
            "LLhsp": 0.543
        }
    },
    "IRL": {
        "MSS 1": {
            "AUCperf": 0.728,
            "Corr": 0.07395911715279856,
            "AvgMM": 0.797,
            "MMvec": [
                0.88,
                0.045
            ],
            "MMdir": [
                0.648,
                0.122
            ],
            "MMlen": [
                0.851,
                0.072
            ],
            "MMpos": [
                0.811,
                0.081
            ],
            "AUChsp": 0.801,
            "NSShsp": 2.566,
            "IGhsp": -1.404,
            "LLhsp": -1.546
        }
    },
    "center_bias": {
        "MSS 1": {
            "AUChsp": 0.716,
            "NSShsp": 0.516,
            "IGhsp": 0.0,
            "LLhsp": -0.07
        }
    },
    "uniform": {
        "MSS 1": {
            "AUChsp": 0.5,
            "NSShsp": 0.0,
            "IGhsp": 0.07,
            "LLhsp": 0.0
        }
    },
    "gold_standard": {
        "MSS 1": {
            "AUChsp": 0.957,
            "NSShsp": 4.196,
            "IGhsp": 3.174,
            "LLhsp": 3.103
        }
    },
    "eccNET": {
        "MSS 1": {
            "AUCperf": 0.492,
            "Corr": 0.20403179680286265,
            "AvgMM": 0.845,
            "MMvec": [
                0.923,
                0.029
            ],
            "MMdir": [
                0.689,
                0.134
            ],
            "MMlen": [
                0.924,
                0.032
            ],
            "MMpos": [
                0.843,
                0.078
            ],
            "AUChsp": 0.705,
            "NSShsp": 1.106,
            "IGhsp": -0.356,
            "LLhsp": -0.385
        }
    },
    "elm_base": {
        "MSS 1": {
            "AUCperf": 0.474,
            "MMvec": [
                0.916,
                0.027
            ],
            "MMdir": [
                0.701,
                0.113
            ],
            "MMlen": [
                0.912,
                0.038
            ],
            "MMpos": [
                0.883,
                0.041
            ],
            "AvgMM": 0.853,
            "Corr": 0.25,
            "AUChsp": 0.838,
            "NSShsp": 1.63,
            "IGhsp": 1.35,
            "LLhsp": 1.212
        }
    },
    "elm_final": {
        "MSS 1": {
            "AUCperf": 0.626,
            "MMvec": [
                0.923,
                0.026
            ],
            "MMdir": [
                0.723,
                0.11
            ],
            "MMlen": [
                0.921,
                0.033
            ],
            "MMpos": [
                0.886,
                0.043
            ],
            "AvgMM": 0.863,
            "Corr": 0.2,
            "AUChsp": 0.858,
            "NSShsp": 2.062,
            "IGhsp": 1.631,
            "LLhsp": 1.493
        }
    }
}