{
    "Humans": {
        "MSS 1": {
            "AUCperf": 0.527,
            "AvgMM": 0.858,
            "MMvec": [
                0.935,
                0.013
            ],
            "MMdir": [
                0.715,
                0.055
            ],
            "MMlen": [
                0.932,
                0.016
            ],
            "MMpos": [
                0.847,
                0.048
            ]
        }
    },
    "IVSN": {
        "MSS 1": {
            "AUCperf": 0.556,
            "Corr": 0.04796212473081617,
            "AvgMM": 0.786,
            "MMvec": [
                0.878,
                0.036
            ],
            "MMdir": [
                0.64,
                0.073
            ],
            "MMlen": [
                0.848,
                0.066
            ],
            "MMpos": [
                0.777,
                0.057
            ],
            "AUChsp": 0.588,
            "NSShsp": 0.707,
            "IGhsp": -3.311,
            "LLhsp": -3.44
        }
    },
    "nnIBS": {
        "MSS 1": {
            "AUCperf": 0.522,
            "Corr": 0.139,
            "AvgMM": 0.833,
            "MMvec": [
                0.913,
                0.018
            ],
            "MMdir": [
                0.679,
                0.066
            ],
            "MMlen": [
                0.905,
                0.028
            ],
            "MMpos": [
                0.836,
                0.039
            ],
            "AUChsp": 0.75,
            "NSShsp": 1.158,
            "IGhsp": 0.806,
            "LLhsp": 0.363
        }
    },
    "IRL": {
        "MSS 1": {
            "AUCperf": 0.235,
            "Corr": 0.25680299706980075,
            "AvgMM": 0.803,
            "MMvec": [
                0.882,
                0.039
            ],
            "MMdir": [
                0.677,
                0.055
            ],
            "MMlen": [
                0.856,
                0.068
            ],
            "MMpos": [
                0.795,
                0.053
            ],
            "AUChsp": 0.576,
            "NSShsp": 0.498,
            "IGhsp": -5.909,
            "LLhsp": -6.358
        }
    },
    "center_bias": {
        "MSS 1": {
            "AUChsp": 0.695,
            "NSShsp": 0.705,
            "IGhsp": 0.0,
            "LLhsp": -0.187
        }
    },
    "uniform": {
        "MSS 1": {
            "AUChsp": 0.5,
            "NSShsp": 0.0,
            "IGhsp": 0.187,
            "LLhsp": 0.0
        }
    },
    "gold_standard": {
        "MSS 1": {
            "AUChsp": 0.863,
            "NSShsp": 2.029,
            "IGhsp": 1.7,
            "LLhsp": 1.513
        }
    },
    "eccNET": {
        "MSS 1": {
            "AUCperf": 0.426,
            "Corr": 0.23503399071527473,
            "AvgMM": 0.829,
            "MMvec": [
                0.931,
                0.014
            ],
            "MMdir": [
                0.66,
                0.082
            ],
            "MMlen": [
                0.937,
                0.016
            ],
            "MMpos": [
                0.789,
                0.072
            ],
            "AUChsp": 0.657,
            "NSShsp": 0.92,
            "IGhsp": -2.359,
            "LLhsp": -2.462
        }
    },
    "elm_base": {
        "MSS 1": {
            "AUCperf": 0.539,
            "MMvec": [
                0.909,
                0.022
            ],
            "MMdir": [
                0.683,
                0.068
            ],
            "MMlen": [
                0.898,
                0.036
            ],
            "MMpos": [
                0.833,
                0.04
            ],
            "AvgMM": 0.831,
            "Corr": 0.128,
            "AUChsp": 0.749,
            "NSShsp": 1.215,
            "IGhsp": 1.032,
            "LLhsp": 0.589
        }
    },
    "elm_final": {
        "MSS 1": {
            "AUCperf": 0.71,
            "MMvec": [
                0.92,
                0.018
            ],
            "MMdir": [
                0.689,
                0.071
            ],
            "MMlen": [
                0.918,
                0.026
            ],
            "MMpos": [
                0.834,
                0.048
            ],
            "AvgMM": 0.84,
            "Corr": 0.21,
            "AUChsp": 0.748,
            "NSShsp": 1.512,
            "IGhsp": 1.264,
            "LLhsp": 0.821
        }
    }
}